[{"model": "admin.logentry", "pk": 1, "fields": {"action_time": "2024-07-06T18:01:30.355Z", "user": 1, "content_type": 14, "object_id": "1", "object_repr": "Dr Bastabika Neupane", "action_flag": 2, "change_message": "[{\"changed\": {\"fields\": [\"Image\"]}}]"}}, {"model": "admin.logentry", "pk": 2, "fields": {"action_time": "2024-07-06T18:02:08.364Z", "user": 1, "content_type": 14, "object_id": "1", "object_repr": "Dr Bastabika Neupane", "action_flag": 2, "change_message": "[{\"changed\": {\"fields\": [\"Image\"]}}]"}}, {"model": "admin.logentry", "pk": 3, "fields": {"action_time": "2024-07-06T18:02:41.709Z", "user": 1, "content_type": 14, "object_id": "1", "object_repr": "Dr Bastabika Neupane", "action_flag": 2, "change_message": "[{\"changed\": {\"fields\": [\"Image\"]}}]"}}, {"model": "admin.logentry", "pk": 4, "fields": {"action_time": "2024-07-06T18:27:52.258Z", "user": 1, "content_type": 10, "object_id": "1", "object_repr": "Neurologist", "action_flag": 3, "change_message": ""}}, {"model": "admin.logentry", "pk": 5, "fields": {"action_time": "2024-07-06T18:28:21.888Z", "user": 1, "content_type": 10, "object_id": "2", "object_repr": "Orthopedist", "action_flag": 1, "change_message": "[{\"added\": {}}]"}}, {"model": "admin.logentry", "pk": 6, "fields": {"action_time": "2024-07-06T18:28:50.605Z", "user": 1, "content_type": 10, "object_id": "3", "object_repr": "General Surgeon", "action_flag": 1, "change_message": "[{\"added\": {}}]"}}, {"model": "admin.logentry", "pk": 7, "fields": {"action_time": "2024-07-06T18:29:15.156Z", "user": 1, "content_type": 10, "object_id": "4", "object_repr": "Radiologist", "action_flag": 1, "change_message": "[{\"added\": {}}]"}}, {"model": "admin.logentry", "pk": 8, "fields": {"action_time": "2024-07-06T18:29:40.907Z", "user": 1, "content_type": 10, "object_id": "5", "object_repr": "Neurologist", "action_flag": 1, "change_message": "[{\"added\": {}}]"}}, {"model": "admin.logentry", "pk": 9, "fields": {"action_time": "2024-07-06T18:30:03.626Z", "user": 1, "content_type": 10, "object_id": "6", "object_repr": "Dermatologist", "action_flag": 1, "change_message": "[{\"added\": {}}]"}}, {"model": "admin.logentry", "pk": 10, "fields": {"action_time": "2024-07-06T18:30:26.129Z", "user": 1, "content_type": 10, "object_id": "7", "object_repr": "Cardiologist", "action_flag": 1, "change_message": "[{\"added\": {}}]"}}, {"model": "admin.logentry", "pk": 11, "fields": {"action_time": "2024-07-06T18:30:48.657Z", "user": 1, "content_type": 10, "object_id": "8", "object_repr": "Urologist", "action_flag": 1, "change_message": "[{\"added\": {}}]"}}, {"model": "admin.logentry", "pk": 12, "fields": {"action_time": "2024-07-06T18:31:15.010Z", "user": 1, "content_type": 10, "object_id": "9", "object_repr": "Pediatrician", "action_flag": 1, "change_message": "[{\"added\": {}}]"}}, {"model": "admin.logentry", "pk": 13, "fields": {"action_time": "2024-07-06T18:31:49.896Z", "user": 1, "content_type": 10, "object_id": "10", "object_repr": "Dentist", "action_flag": 1, "change_message": "[{\"added\": {}}]"}}, {"model": "admin.logentry", "pk": 14, "fields": {"action_time": "2024-07-06T18:36:57.611Z", "user": 1, "content_type": 9, "object_id": "1", "object_repr": "Neurology", "action_flag": 2, "change_message": "[{\"changed\": {\"fields\": [\"Image\"]}}]"}}, {"model": "admin.logentry", "pk": 15, "fields": {"action_time": "2024-07-06T18:37:20.721Z", "user": 1, "content_type": 9, "object_id": "1", "object_repr": "Neurology", "action_flag": 2, "change_message": "[{\"changed\": {\"fields\": [\"Image\"]}}]"}}, {"model": "admin.logentry", "pk": 16, "fields": {"action_time": "2024-07-06T18:37:44.399Z", "user": 1, "content_type": 9, "object_id": "2", "object_repr": "Urology", "action_flag": 2, "change_message": "[{\"changed\": {\"fields\": [\"Image\"]}}]"}}, {"model": "admin.logentry", "pk": 17, "fields": {"action_time": "2024-07-06T18:38:16.245Z", "user": 1, "content_type": 9, "object_id": "2", "object_repr": "Urology", "action_flag": 2, "change_message": "[{\"changed\": {\"fields\": [\"Image\"]}}]"}}, {"model": "admin.logentry", "pk": 18, "fields": {"action_time": "2024-07-06T18:38:38.465Z", "user": 1, "content_type": 9, "object_id": "3", "object_repr": "Pediatrics", "action_flag": 2, "change_message": "[{\"changed\": {\"fields\": [\"Image\"]}}]"}}, {"model": "admin.logentry", "pk": 19, "fields": {"action_time": "2024-07-06T18:39:01.637Z", "user": 1, "content_type": 9, "object_id": "3", "object_repr": "Pediatrics", "action_flag": 2, "change_message": "[{\"changed\": {\"fields\": [\"Image\"]}}]"}}, {"model": "admin.logentry", "pk": 20, "fields": {"action_time": "2024-07-06T18:39:30.011Z", "user": 1, "content_type": 9, "object_id": "4", "object_repr": "Cardiology", "action_flag": 2, "change_message": "[{\"changed\": {\"fields\": [\"Image\"]}}]"}}, {"model": "admin.logentry", "pk": 21, "fields": {"action_time": "2024-07-06T18:40:00.854Z", "user": 1, "content_type": 9, "object_id": "4", "object_repr": "Cardiology", "action_flag": 2, "change_message": "[{\"changed\": {\"fields\": [\"Image\"]}}]"}}, {"model": "admin.logentry", "pk": 22, "fields": {"action_time": "2024-07-06T18:40:22.654Z", "user": 1, "content_type": 9, "object_id": "5", "object_repr": "Dentistry", "action_flag": 2, "change_message": "[{\"changed\": {\"fields\": [\"Image\"]}}]"}}, {"model": "admin.logentry", "pk": 23, "fields": {"action_time": "2024-07-06T18:40:49.160Z", "user": 1, "content_type": 9, "object_id": "5", "object_repr": "Dentistry", "action_flag": 2, "change_message": "[{\"changed\": {\"fields\": [\"Image\"]}}]"}}, {"model": "admin.logentry", "pk": 24, "fields": {"action_time": "2024-07-06T18:41:29.736Z", "user": 1, "content_type": 9, "object_id": "6", "object_repr": "Dermatology", "action_flag": 2, "change_message": "[{\"changed\": {\"fields\": [\"Image\"]}}]"}}, {"model": "admin.logentry", "pk": 25, "fields": {"action_time": "2024-07-06T18:41:54.103Z", "user": 1, "content_type": 9, "object_id": "6", "object_repr": "Dermatology", "action_flag": 2, "change_message": "[{\"changed\": {\"fields\": [\"Image\"]}}]"}}, {"model": "admin.logentry", "pk": 26, "fields": {"action_time": "2024-07-06T18:42:19.162Z", "user": 1, "content_type": 9, "object_id": "7", "object_repr": "Orthopedic Surgery", "action_flag": 2, "change_message": "[{\"changed\": {\"fields\": [\"Image\"]}}]"}}, {"model": "admin.logentry", "pk": 27, "fields": {"action_time": "2024-07-06T18:42:50.018Z", "user": 1, "content_type": 9, "object_id": "7", "object_repr": "Orthopedic Surgery", "action_flag": 2, "change_message": "[{\"changed\": {\"fields\": [\"Image\"]}}]"}}, {"model": "admin.logentry", "pk": 28, "fields": {"action_time": "2024-07-06T18:43:10.797Z", "user": 1, "content_type": 9, "object_id": "8", "object_repr": "Radiology", "action_flag": 2, "change_message": "[{\"changed\": {\"fields\": [\"Image\"]}}]"}}, {"model": "admin.logentry", "pk": 29, "fields": {"action_time": "2024-07-06T18:43:47.452Z", "user": 1, "content_type": 9, "object_id": "8", "object_repr": "Radiology", "action_flag": 2, "change_message": "[{\"changed\": {\"fields\": [\"Image\"]}}]"}}, {"model": "admin.logentry", "pk": 30, "fields": {"action_time": "2024-07-06T18:44:10.162Z", "user": 1, "content_type": 9, "object_id": "9", "object_repr": "General and Laparoscopic Surgery", "action_flag": 2, "change_message": "[{\"changed\": {\"fields\": [\"Image\"]}}]"}}, {"model": "admin.logentry", "pk": 31, "fields": {"action_time": "2024-07-06T18:44:33.081Z", "user": 1, "content_type": 9, "object_id": "9", "object_repr": "General and Laparoscopic Surgery", "action_flag": 2, "change_message": "[{\"changed\": {\"fields\": [\"Image\"]}}]"}}, {"model": "admin.logentry", "pk": 32, "fields": {"action_time": "2024-07-06T18:46:15.036Z", "user": 1, "content_type": 14, "object_id": "1", "object_repr": "Dr Bastabika Neupane", "action_flag": 1, "change_message": "[{\"added\": {}}]"}}, {"model": "admin.logentry", "pk": 33, "fields": {"action_time": "2024-07-06T18:47:18.308Z", "user": 1, "content_type": 14, "object_id": "2", "object_repr": "Dr Sanjaya Kumar Shrestha", "action_flag": 1, "change_message": "[{\"added\": {}}]"}}, {"model": "admin.logentry", "pk": 34, "fields": {"action_time": "2024-07-06T18:48:01.829Z", "user": 1, "content_type": 14, "object_id": "3", "object_repr": "Dr Sameer Khadka", "action_flag": 1, "change_message": "[{\"added\": {}}]"}}, {"model": "admin.logentry", "pk": 35, "fields": {"action_time": "2024-07-06T18:48:51.311Z", "user": 1, "content_type": 14, "object_id": "4", "object_repr": "Dr Abishan Thapa", "action_flag": 1, "change_message": "[{\"added\": {}}]"}}, {"model": "admin.logentry", "pk": 36, "fields": {"action_time": "2024-07-06T18:49:27.559Z", "user": 1, "content_type": 14, "object_id": "5", "object_repr": "Dr Sanjit Adhikari", "action_flag": 1, "change_message": "[{\"added\": {}}]"}}, {"model": "admin.logentry", "pk": 37, "fields": {"action_time": "2024-07-06T18:50:06.590Z", "user": 1, "content_type": 14, "object_id": "6", "object_repr": "Dr Prajeet Paudyal", "action_flag": 1, "change_message": "[{\"added\": {}}]"}}, {"model": "admin.logentry", "pk": 38, "fields": {"action_time": "2024-07-06T18:50:46.240Z", "user": 1, "content_type": 14, "object_id": "7", "object_repr": "Dr Shristy Khadka", "action_flag": 1, "change_message": "[{\"added\": {}}]"}}, {"model": "admin.logentry", "pk": 39, "fields": {"action_time": "2024-07-06T18:51:22.865Z", "user": 1, "content_type": 14, "object_id": "8", "object_repr": "Dr Samir Paudel", "action_flag": 1, "change_message": "[{\"added\": {}}]"}}, {"model": "admin.logentry", "pk": 40, "fields": {"action_time": "2024-07-06T18:52:16.115Z", "user": 1, "content_type": 14, "object_id": "9", "object_repr": "Dr Lata Gautam", "action_flag": 1, "change_message": "[{\"added\": {}}]"}}, {"model": "admin.logentry", "pk": 41, "fields": {"action_time": "2024-07-06T18:52:57.841Z", "user": 1, "content_type": 14, "object_id": "10", "object_repr": "Dr Vikash Paudel", "action_flag": 1, "change_message": "[{\"added\": {}}]"}}, {"model": "admin.logentry", "pk": 42, "fields": {"action_time": "2024-07-06T18:53:38.365Z", "user": 1, "content_type": 14, "object_id": "11", "object_repr": "Dr Alisha Karki", "action_flag": 1, "change_message": "[{\"added\": {}}]"}}, {"model": "admin.logentry", "pk": 43, "fields": {"action_time": "2024-07-06T18:54:35.075Z", "user": 1, "content_type": 14, "object_id": "12", "object_repr": "Dr Rakesh Shah", "action_flag": 1, "change_message": "[{\"added\": {}}]"}}, {"model": "admin.logentry", "pk": 44, "fields": {"action_time": "2024-07-06T18:55:33.919Z", "user": 1, "content_type": 11, "object_id": "1", "object_repr": "Redesh Yadav", "action_flag": 1, "change_message": "[{\"added\": {}}]"}}, {"model": "admin.logentry", "pk": 45, "fields": {"action_time": "2024-07-06T18:56:14.311Z", "user": 1, "content_type": 11, "object_id": "2", "object_repr": "Raj shah", "action_flag": 1, "change_message": "[{\"added\": {}}]"}}, {"model": "admin.logentry", "pk": 46, "fields": {"action_time": "2024-07-06T18:56:48.828Z", "user": 1, "content_type": 11, "object_id": "3", "object_repr": "Niraj Parajuli", "action_flag": 1, "change_message": "[{\"added\": {}}]"}}, {"model": "admin.logentry", "pk": 47, "fields": {"action_time": "2024-07-06T18:57:24.683Z", "user": 1, "content_type": 11, "object_id": "4", "object_repr": "Natasha Subedi", "action_flag": 1, "change_message": "[{\"added\": {}}]"}}, {"model": "admin.logentry", "pk": 48, "fields": {"action_time": "2024-07-06T18:58:05.359Z", "user": 1, "content_type": 11, "object_id": "5", "object_repr": "Sahaj Basnet", "action_flag": 1, "change_message": "[{\"added\": {}}]"}}, {"model": "admin.logentry", "pk": 49, "fields": {"action_time": "2024-07-06T18:58:38.374Z", "user": 1, "content_type": 11, "object_id": "6", "object_repr": "Ronika Thapa", "action_flag": 1, "change_message": "[{\"added\": {}}]"}}, {"model": "admin.logentry", "pk": 50, "fields": {"action_time": "2024-07-06T18:59:11.919Z", "user": 1, "content_type": 11, "object_id": "7", "object_repr": "Pabita Dhungel", "action_flag": 1, "change_message": "[{\"added\": {}}]"}}, {"model": "admin.logentry", "pk": 51, "fields": {"action_time": "2024-07-06T18:59:46.084Z", "user": 1, "content_type": 11, "object_id": "8", "object_repr": "Mitesh KC", "action_flag": 1, "change_message": "[{\"added\": {}}]"}}, {"model": "admin.logentry", "pk": 52, "fields": {"action_time": "2024-07-06T19:00:31.449Z", "user": 1, "content_type": 11, "object_id": "9", "object_repr": "Raghu adhikari", "action_flag": 1, "change_message": "[{\"added\": {}}]"}}, {"model": "admin.logentry", "pk": 53, "fields": {"action_time": "2024-07-06T19:01:23.342Z", "user": 1, "content_type": 11, "object_id": "10", "object_repr": "Bikash Bhattarai", "action_flag": 1, "change_message": "[{\"added\": {}}]"}}, {"model": "admin.logentry", "pk": 54, "fields": {"action_time": "2024-07-06T20:25:59.706Z", "user": 1, "content_type": 13, "object_id": "1", "object_repr": "Appointment with Dr. Dr Bastabika Neupane for Raj shah on 2024-07-05 at 10:00 – 11:00", "action_flag": 1, "change_message": "[{\"added\": {}}]"}}, {"model": "admin.logentry", "pk": 55, "fields": {"action_time": "2024-07-06T20:27:14.060Z", "user": 1, "content_type": 13, "object_id": "2", "object_repr": "Appointment with Dr. Dr Rakesh Shah for Redesh Yadav on 2024-06-21 at 14:00 – 15:00", "action_flag": 1, "change_message": "[{\"added\": {}}]"}}, {"model": "admin.logentry", "pk": 56, "fields": {"action_time": "2024-07-06T20:27:46.113Z", "user": 1, "content_type": 13, "object_id": "2", "object_repr": "Appointment with Dr. Dr Rakesh Shah for Bikash Bhattarai on 2024-06-21 at 14:00 – 15:00", "action_flag": 2, "change_message": "[{\"changed\": {\"fields\": [\"Patient\"]}}]"}}, {"model": "admin.logentry", "pk": 57, "fields": {"action_time": "2024-07-06T20:29:36.329Z", "user": 1, "content_type": 13, "object_id": "2", "object_repr": "Appointment with Dr. Dr Rakesh Shah for Bikash Bhattarai on 2024-06-21 at 14:00 – 15:00", "action_flag": 2, "change_message": "[{\"changed\": {\"fields\": [\"Symptom description\"]}}]"}}, {"model": "admin.logentry", "pk": 58, "fields": {"action_time": "2024-07-06T20:30:14.416Z", "user": 1, "content_type": 13, "object_id": "1", "object_repr": "Appointment with Dr. Dr Bastabika Neupane for Raj shah on 2024-07-05 at 10:00 – 11:00", "action_flag": 2, "change_message": "[{\"changed\": {\"fields\": [\"Symptom description\"]}}]"}}, {"model": "auth.permission", "pk": 1, "fields": {"name": "Can add log entry", "content_type": 1, "codename": "add_logentry"}}, {"model": "auth.permission", "pk": 2, "fields": {"name": "Can change log entry", "content_type": 1, "codename": "change_logentry"}}, {"model": "auth.permission", "pk": 3, "fields": {"name": "Can delete log entry", "content_type": 1, "codename": "delete_logentry"}}, {"model": "auth.permission", "pk": 4, "fields": {"name": "Can view log entry", "content_type": 1, "codename": "view_logentry"}}, {"model": "auth.permission", "pk": 5, "fields": {"name": "Can add permission", "content_type": 2, "codename": "add_permission"}}, {"model": "auth.permission", "pk": 6, "fields": {"name": "Can change permission", "content_type": 2, "codename": "change_permission"}}, {"model": "auth.permission", "pk": 7, "fields": {"name": "Can delete permission", "content_type": 2, "codename": "delete_permission"}}, {"model": "auth.permission", "pk": 8, "fields": {"name": "Can view permission", "content_type": 2, "codename": "view_permission"}}, {"model": "auth.permission", "pk": 9, "fields": {"name": "Can add group", "content_type": 3, "codename": "add_group"}}, {"model": "auth.permission", "pk": 10, "fields": {"name": "Can change group", "content_type": 3, "codename": "change_group"}}, {"model": "auth.permission", "pk": 11, "fields": {"name": "Can delete group", "content_type": 3, "codename": "delete_group"}}, {"model": "auth.permission", "pk": 12, "fields": {"name": "Can view group", "content_type": 3, "codename": "view_group"}}, {"model": "auth.permission", "pk": 13, "fields": {"name": "Can add user", "content_type": 4, "codename": "add_user"}}, {"model": "auth.permission", "pk": 14, "fields": {"name": "Can change user", "content_type": 4, "codename": "change_user"}}, {"model": "auth.permission", "pk": 15, "fields": {"name": "Can delete user", "content_type": 4, "codename": "delete_user"}}, {"model": "auth.permission", "pk": 16, "fields": {"name": "Can view user", "content_type": 4, "codename": "view_user"}}, {"model": "auth.permission", "pk": 17, "fields": {"name": "Can add content type", "content_type": 5, "codename": "add_contenttype"}}, {"model": "auth.permission", "pk": 18, "fields": {"name": "Can change content type", "content_type": 5, "codename": "change_contenttype"}}, {"model": "auth.permission", "pk": 19, "fields": {"name": "Can delete content type", "content_type": 5, "codename": "delete_contenttype"}}, {"model": "auth.permission", "pk": 20, "fields": {"name": "Can view content type", "content_type": 5, "codename": "view_contenttype"}}, {"model": "auth.permission", "pk": 21, "fields": {"name": "Can add doctor", "content_type": 6, "codename": "add_doctor"}}, {"model": "auth.permission", "pk": 22, "fields": {"name": "Can change doctor", "content_type": 6, "codename": "change_doctor"}}, {"model": "auth.permission", "pk": 23, "fields": {"name": "Can delete doctor", "content_type": 6, "codename": "delete_doctor"}}, {"model": "auth.permission", "pk": 24, "fields": {"name": "Can view doctor", "content_type": 6, "codename": "view_doctor"}}, {"model": "auth.permission", "pk": 25, "fields": {"name": "Can add patient", "content_type": 7, "codename": "add_patient"}}, {"model": "auth.permission", "pk": 26, "fields": {"name": "Can change patient", "content_type": 7, "codename": "change_patient"}}, {"model": "auth.permission", "pk": 27, "fields": {"name": "Can delete patient", "content_type": 7, "codename": "delete_patient"}}, {"model": "auth.permission", "pk": 28, "fields": {"name": "Can view patient", "content_type": 7, "codename": "view_patient"}}, {"model": "auth.permission", "pk": 29, "fields": {"name": "Can add appointment", "content_type": 8, "codename": "add_appointment"}}, {"model": "auth.permission", "pk": 30, "fields": {"name": "Can change appointment", "content_type": 8, "codename": "change_appointment"}}, {"model": "auth.permission", "pk": 31, "fields": {"name": "Can delete appointment", "content_type": 8, "codename": "delete_appointment"}}, {"model": "auth.permission", "pk": 32, "fields": {"name": "Can view appointment", "content_type": 8, "codename": "view_appointment"}}, {"model": "auth.permission", "pk": 33, "fields": {"name": "Can add speciality", "content_type": 9, "codename": "add_speciality"}}, {"model": "auth.permission", "pk": 34, "fields": {"name": "Can change speciality", "content_type": 9, "codename": "change_speciality"}}, {"model": "auth.permission", "pk": 35, "fields": {"name": "Can delete speciality", "content_type": 9, "codename": "delete_speciality"}}, {"model": "auth.permission", "pk": 36, "fields": {"name": "Can view speciality", "content_type": 9, "codename": "view_speciality"}}, {"model": "auth.permission", "pk": 37, "fields": {"name": "Can add profession", "content_type": 10, "codename": "add_profession"}}, {"model": "auth.permission", "pk": 38, "fields": {"name": "Can change profession", "content_type": 10, "codename": "change_profession"}}, {"model": "auth.permission", "pk": 39, "fields": {"name": "Can delete profession", "content_type": 10, "codename": "delete_profession"}}, {"model": "auth.permission", "pk": 40, "fields": {"name": "Can view profession", "content_type": 10, "codename": "view_profession"}}, {"model": "auth.permission", "pk": 41, "fields": {"name": "Can add patient", "content_type": 11, "codename": "add_patient"}}, {"model": "auth.permission", "pk": 42, "fields": {"name": "Can change patient", "content_type": 11, "codename": "change_patient"}}, {"model": "auth.permission", "pk": 43, "fields": {"name": "Can delete patient", "content_type": 11, "codename": "delete_patient"}}, {"model": "auth.permission", "pk": 44, "fields": {"name": "Can view patient", "content_type": 11, "codename": "view_patient"}}, {"model": "auth.permission", "pk": 45, "fields": {"name": "Can add session", "content_type": 12, "codename": "add_session"}}, {"model": "auth.permission", "pk": 46, "fields": {"name": "Can change session", "content_type": 12, "codename": "change_session"}}, {"model": "auth.permission", "pk": 47, "fields": {"name": "Can delete session", "content_type": 12, "codename": "delete_session"}}, {"model": "auth.permission", "pk": 48, "fields": {"name": "Can view session", "content_type": 12, "codename": "view_session"}}, {"model": "auth.permission", "pk": 49, "fields": {"name": "Can add appointment", "content_type": 13, "codename": "add_appointment"}}, {"model": "auth.permission", "pk": 50, "fields": {"name": "Can change appointment", "content_type": 13, "codename": "change_appointment"}}, {"model": "auth.permission", "pk": 51, "fields": {"name": "Can delete appointment", "content_type": 13, "codename": "delete_appointment"}}, {"model": "auth.permission", "pk": 52, "fields": {"name": "Can view appointment", "content_type": 13, "codename": "view_appointment"}}, {"model": "auth.permission", "pk": 53, "fields": {"name": "Can add doctor", "content_type": 14, "codename": "add_doctor"}}, {"model": "auth.permission", "pk": 54, "fields": {"name": "Can change doctor", "content_type": 14, "codename": "change_doctor"}}, {"model": "auth.permission", "pk": 55, "fields": {"name": "Can delete doctor", "content_type": 14, "codename": "delete_doctor"}}, {"model": "auth.permission", "pk": 56, "fields": {"name": "Can view doctor", "content_type": 14, "codename": "view_doctor"}}, {"model": "auth.user", "pk": 1, "fields": {"password": "pbkdf2_sha256$720000$D1wS4v5CECINYEWCDaQrgA$d9g/jm35XkvMJElL4qpxePEMHZfJhAYXRMahEZb593Y=", "last_login": "2024-07-06T18:36:02.653Z", "is_superuser": true, "username": "admin", "first_name": "", "last_name": "", "email": "admin@gmail.com", "is_staff": true, "is_active": true, "date_joined": "2024-07-06T17:58:54.491Z", "groups": [], "user_permissions": []}}, {"model": "auth.user", "pk": 2, "fields": {"password": "pbkdf2_sha256$720000$dHGXWTrLiNDXktq3aLdYNx$bWsDio683gCDOUhf3f721zqy2DNBl0Q6v4OXRP7UbTo=", "last_login": "2024-07-06T20:32:12.061Z", "is_superuser": false, "username": "aashu", "first_name": "", "last_name": "", "email": "aashu@gmail.com", "is_staff": false, "is_active": true, "date_joined": "2024-07-06T20:31:57.761Z", "groups": [], "user_permissions": []}}, {"model": "contenttypes.contenttype", "pk": 1, "fields": {"app_label": "admin", "model": "logentry"}}, {"model": "contenttypes.contenttype", "pk": 2, "fields": {"app_label": "auth", "model": "permission"}}, {"model": "contenttypes.contenttype", "pk": 3, "fields": {"app_label": "auth", "model": "group"}}, {"model": "contenttypes.contenttype", "pk": 4, "fields": {"app_label": "auth", "model": "user"}}, {"model": "contenttypes.contenttype", "pk": 5, "fields": {"app_label": "contenttypes", "model": "contenttype"}}, {"model": "contenttypes.contenttype", "pk": 6, "fields": {"app_label": "cms", "model": "doctor"}}, {"model": "contenttypes.contenttype", "pk": 7, "fields": {"app_label": "cms", "model": "patient"}}, {"model": "contenttypes.contenttype", "pk": 8, "fields": {"app_label": "cms", "model": "appointment"}}, {"model": "contenttypes.contenttype", "pk": 9, "fields": {"app_label": "cms", "model": "speciality"}}, {"model": "contenttypes.contenttype", "pk": 10, "fields": {"app_label": "cms", "model": "profession"}}, {"model": "contenttypes.contenttype", "pk": 11, "fields": {"app_label": "patients", "model": "patient"}}, {"model": "contenttypes.contenttype", "pk": 12, "fields": {"app_label": "sessions", "model": "session"}}, {"model": "contenttypes.contenttype", "pk": 13, "fields": {"app_label": "appointments", "model": "appointment"}}, {"model": "contenttypes.contenttype", "pk": 14, "fields": {"app_label": "doctors", "model": "doctor"}}, {"model": "sessions.session", "pk": "2r6tipi0bdj9u0s55w369tgbkyshgdkt", "fields": {"session_data": ".eJxVjssOwiAURP-FtSFQELgu3fsN5PKS-oCm0JXx321NF7qdM3MyL2Jx6dkuLc52DOREBnL4zRz6eywbCDcs10p9LX0eHd0qdKeNXmqIj_Pe_RNkbHldg07MQzBScs7QsKMHr7RkSibnDAijhBIQtMMIXrCkh6gkSA7IuOaoVylOUx1Lf8bSv1fF-wMS1T2A:1sQC69:oK2CTcDCizV8FDr0MFZSJoXm6sDnFQYcjj7xcFp7I8w", "expire_date": "2024-07-20T20:33:33.382Z"}}, {"model": "sessions.session", "pk": "d68j0thtvzvf3nn86wfexdel3cg5ftha", "fields": {"session_data": ".eJxVjDEOAiEQRe9CbQgMLKClvWcgwwzKqoFk2a2Md1eSLbR97_3_EhG3tcSt5yXOLE5Ci8MvS0iPXIfgO9Zbk9TqusxJjkTutstL4_w87-3fQcFevmtjTfAeJiYiMMmThSsyOFYqW4KknLM2w-T0kawG0AbBhTBgYJeVeH8Ax4o20g:1sQ9gl:5sAjQ9pKxlE3AksVJzhWvRPSZUV_fdLI4VL3hHZeDsA", "expire_date": "2024-07-20T17:59:11.421Z"}}, {"model": "sessions.session", "pk": "jj9kl9ckgq8lkri68l55ty7zytrzj2p1", "fields": {"session_data": ".eJxVjDEOAiEQRe9CbQgMLKClvWcgwwzKqoFk2a2Md1eSLbR97_3_EhG3tcSt5yXOLE5Ci8MvS0iPXIfgO9Zbk9TqusxJjkTutstL4_w87-3fQcFevmtjTfAeJiYiMMmThSsyOFYqW4KknLM2w-T0kawG0AbBhTBgYJeVeH8Ax4o20g:1sQADH:6v6gLlPMDvxJM6rg328hEtscQyT6yS2dguMVS42I8Bo", "expire_date": "2024-07-20T18:32:47.062Z"}}, {"model": "cms.speciality", "pk": 1, "fields": {"name": "Neurology", "description": "Comprehensive care for neurological disorders and diseases.", "original_price": "5000.00", "discounted_price": "4250.00", "discount": 15, "image": "specialty_images/15.jpeg"}}, {"model": "cms.speciality", "pk": 2, "fields": {"name": "Urology", "description": "Specialized care for urinary tract and male reproductive health.", "original_price": "4500.00", "discounted_price": "3825.00", "discount": 15, "image": "specialty_images/8.jpeg"}}, {"model": "cms.speciality", "pk": 3, "fields": {"name": "Pediatrics", "description": "Expert medical care for infants, children, and adolescents.", "original_price": "3000.00", "discounted_price": "2400.00", "discount": 20, "image": "specialty_images/7.jpeg"}}, {"model": "cms.speciality", "pk": 4, "fields": {"name": "Cardiology", "description": "Heart care and cardiovascular treatments.", "original_price": "4000.00", "discounted_price": "3000.00", "discount": 25, "image": "specialty_images/17.jpeg"}}, {"model": "cms.speciality", "pk": 5, "fields": {"name": "Dentistry", "description": "Top-notch dental care from our expert.", "original_price": "2500.00", "discounted_price": "2125.00", "discount": 15, "image": "specialty_images/5.jpeg"}}, {"model": "cms.speciality", "pk": 6, "fields": {"name": "Dermatology", "description": "Care for skin, hair, and nail conditions.", "original_price": "3000.00", "discounted_price": "2400.00", "discount": 20, "image": "specialty_images/4.jpeg"}}, {"model": "cms.speciality", "pk": 7, "fields": {"name": "Orthopedic Surgery", "description": "Comprehensive care for musculoskeletal issues.", "original_price": "7000.00", "discounted_price": "5250.00", "discount": 25, "image": "specialty_images/3.jpeg"}}, {"model": "cms.speciality", "pk": 8, "fields": {"name": "Radiology", "description": "Advanced imaging for accurate diagnosis.", "original_price": "5000.00", "discounted_price": "4250.00", "discount": 15, "image": "specialty_images/2.jpg"}}, {"model": "cms.speciality", "pk": 9, "fields": {"name": "General and Laparoscopic Surgery", "description": "Expert surgical care with minimal invasiveness.", "original_price": "8000.00", "discounted_price": "6400.00", "discount": 20, "image": "specialty_images/1.jpeg"}}, {"model": "cms.profession", "pk": 2, "fields": {"name": "Orthopedist", "speciality": 7}}, {"model": "cms.profession", "pk": 3, "fields": {"name": "General Surgeon", "speciality": 9}}, {"model": "cms.profession", "pk": 4, "fields": {"name": "Radiologist", "speciality": 8}}, {"model": "cms.profession", "pk": 5, "fields": {"name": "Neurologist", "speciality": 1}}, {"model": "cms.profession", "pk": 6, "fields": {"name": "Dermatologist", "speciality": 6}}, {"model": "cms.profession", "pk": 7, "fields": {"name": "Cardiologist", "speciality": 4}}, {"model": "cms.profession", "pk": 8, "fields": {"name": "Urologist", "speciality": 2}}, {"model": "cms.profession", "pk": 9, "fields": {"name": "Pediatrician", "speciality": 3}}, {"model": "cms.profession", "pk": 10, "fields": {"name": "Dentist", "speciality": 5}}, {"model": "appointments.appointment", "pk": 1, "fields": {"doctor": 1, "patient": 2, "specialty": 9, "symptom_description": "bone pain", "appointment_date": "2024-07-05", "appointment_time": 1}}, {"model": "appointments.appointment", "pk": 2, "fields": {"doctor": 12, "patient": 10, "specialty": 7, "symptom_description": "I have a problem hearing from my left ear. When someone speaks near me, I am unable to hear from left ear. People think I am not responding, but I can't hear them. I need to fix this problem ASAP. I am a teacher. Please help me!!", "appointment_date": "2024-06-21", "appointment_time": 5}}, {"model": "appointments.appointment", "pk": 3, "fields": {"doctor": 9, "patient": 5, "specialty": 1, "symptom_description": "I will be there for you", "appointment_date": "2024-07-06", "appointment_time": 0}}, {"model": "doctors.doctor", "pk": 1, "fields": {"name": "Dr Bastabika Neupane", "mobile": "9852908374", "profession": 5, "image": "doctor_images/psy.png"}}, {"model": "doctors.doctor", "pk": 2, "fields": {"name": "Dr Sanjaya Kumar Shrestha", "mobile": "9837461892", "profession": 7, "image": "doctor_images/card.png"}}, {"model": "doctors.doctor", "pk": 3, "fields": {"name": "Dr Sameer Khadka", "mobile": "9874629015", "profession": 6, "image": "doctor_images/derm.png"}}, {"model": "doctors.doctor", "pk": 4, "fields": {"name": "Dr Abishan Thapa", "mobile": "9848291736", "profession": 10, "image": "doctor_images/dental.png"}}, {"model": "doctors.doctor", "pk": 5, "fields": {"name": "Dr Sanjit Adhikari", "mobile": "9861374852", "profession": 3, "image": "doctor_images/sur.png"}}, {"model": "doctors.doctor", "pk": 6, "fields": {"name": "Dr Prajeet Paudyal", "mobile": "9823948571", "profession": 9, "image": "doctor_images/phy.png"}}, {"model": "doctors.doctor", "pk": 7, "fields": {"name": "Dr Shristy Khadka", "mobile": "9850817263", "profession": 8, "image": "doctor_images/uros.jpeg"}}, {"model": "doctors.doctor", "pk": 8, "fields": {"name": "Dr Samir Paudel", "mobile": "9817459382", "profession": 4, "image": "doctor_images/2.png"}}, {"model": "doctors.doctor", "pk": 9, "fields": {"name": "Dr Lata Gautam", "mobile": "9838562194", "profession": 5, "image": "doctor_images/psy2.jpeg"}}, {"model": "doctors.doctor", "pk": 10, "fields": {"name": "Dr Vikash Paudel", "mobile": "9892748316", "profession": 6, "image": "doctor_images/derm2.png"}}, {"model": "doctors.doctor", "pk": 11, "fields": {"name": "Dr Alisha Karki", "mobile": "9837461829", "profession": 7, "image": "doctor_images/gyne.png"}}, {"model": "doctors.doctor", "pk": 12, "fields": {"name": "Dr Rakesh Shah", "mobile": "9852908374", "profession": 2, "image": "doctor_images/sur2.png"}}, {"model": "patients.patient", "pk": 1, "fields": {"name": "Redesh Yadav", "age": 45, "gender": "male", "mobile": "9876543210", "address": "Dailekh"}}, {"model": "patients.patient", "pk": 2, "fields": {"name": "Raj shah", "age": 12, "gender": "male", "mobile": "9810987654", "address": "Parbat"}}, {"model": "patients.patient", "pk": 3, "fields": {"name": "Niraj Parajuli", "age": 46, "gender": "male", "mobile": "9843021567", "address": "Kalikot"}}, {"model": "patients.patient", "pk": 4, "fields": {"name": "Natasha Subedi", "age": 27, "gender": "female", "mobile": "9812345670", "address": "Bajhang"}}, {"model": "patients.patient", "pk": 5, "fields": {"name": "Sahaj Basnet", "age": 33, "gender": "male", "mobile": "9823456789", "address": "Chitwan"}}, {"model": "patients.patient", "pk": 6, "fields": {"name": "Ronika Thapa", "age": 28, "gender": "female", "mobile": "9810987654", "address": "Sunsari"}}, {"model": "patients.patient", "pk": 7, "fields": {"name": "Pabita Dhungel", "age": 42, "gender": "female", "mobile": "9801234567", "address": "Dhading"}}, {"model": "patients.patient", "pk": 8, "fields": {"name": "Mitesh KC", "age": 28, "gender": "male", "mobile": "9832156478", "address": "Myagdi"}}, {"model": "patients.patient", "pk": 9, "fields": {"name": "Raghu adhikari", "age": 18, "gender": "male", "mobile": "9801232567", "address": "lamjung"}}, {"model": "patients.patient", "pk": 10, "fields": {"name": "Bikash Bhattarai", "age": 38, "gender": "other", "mobile": "9843368914", "address": "Batulechaur ,Pokhara"}}]